Countries,Argentina,Australia,Indonesia,Malaysia,Thailand,Portugal,Norway,Sweden,Finland,Vietnam
Trees,Eucalyptus,Willow,Redwood,Spruce,Fir,Poplar,Walnut,Beech,Elm,Acacia
Flowers,Carnation,Petunia,Daffodil,Poppy,Iris,Lavender,Chrysanthemum,Gardenia,Camellia,Magnolia
Vegetables,Cauliflower,Broccoli,Capsicum,Asparagus,Zucchini,Beetroot,Celery,Artichoke,Leek,Okra
Fruits,Pineapple,Pomegranate,Dragonfruit,Raspberry,Blackberry,Blueberry,Grapefruit,Apricot,Passionfruit,Cranberry
Insects,Dragonfly,Centipede,Millipede,Cicada,Termite,PrayingMantis,Firefly,Cockroach,Scorpion,Wasp
Reptiles,Alligator,Monitor,Tortoise,Anaconda,Gharial,Skink,Boa,Komodo,Caiman,Rattlesnake
Sea Animals,Seahorse,Swordfish,MantaRay,Barracuda,Stingray,Squid,Walrus,Turtle,Clownfish,Angelfish
Birds,Flamingo,Pelican,Woodpecker,Kingfisher,Albatross,Ostrich,Hummingbird,Macaw,Canary,Falcon
Animals,Kangaroo,Rhinoceros,Hippopotamus,Crocodile,Gorilla,Leopard,Cheetah,Flamingo,Chameleon,Armadillo
Olympics,Canoeing,Taekwondo,Fencing,Sailing,Archery,Handball,Volleyball,Skateboarding,Surfing,Climbing
Sports,Baseball,Softball,Volleyball,Handball,Polo,Squash,Snooker,Archery,Fencing,Wrestling
Weather,Thunder,Lightning,Tornado,Hurricane,Cyclone,Monsoon,Drizzle,Blizzard,Humidity,Dew
Space,Nebula,Constellation,BlackHole,Supernova,Cosmos,Observatory,Gravity,LunarModule,Spacecraft,Telescope
Planets,Pluto,Ceres,Europa,Ganymede,Callisto,Titan,Io,Phobos,Deimos,Triton
Oceans,CaribbeanSea,BeringSea,NorthSea,BalticSea,CaspianSea,JavaSea,TimorSea,AndamanSea,TasmanSea,WhiteSea
Mountains,Kilimanjaro,Elbrus,Denali,Annapurna,Fuji,Aconcagua,Carpathians,Ural,Caucasus,Pamir
Rivers,Mississippi,Danube,Mekong,Volga,Congo,Rhine,Tapti,Krishna,Mahanadi,Sutlej
Indian States,Uttarakhand,Himachal,Telangana,Chhattisgarh,Jharkhand,Nagaland,Tripura,Meghalaya,Mizoram,Manipur
Capitals,Canberra,Bangkok,Helsinki,Oslo,Stockholm,Lisbon,Jakarta,Seoul,Nairobi,Lima
Marvel Characters,BlackPanther,DoctorStrange,ScarletWitch,Falcon,WinterSoldier,StarLord,Drax,Gamora,Mantis,Nebula
Disney Characters,Woody,BuzzLightyear,Mulan,Tarzan,Hercules,Stitch,Rapunzel,Tiana,Merida,Moana
Cartoon Characters,ScoobyDoo,Popeye,Garfield,Tweety,SpeedyGonzales,BugsBunny,DaffyDuck,JohnnyBravo,Dexter,Courage
Movies,Inception,Interstellar,Gladiator,JurassicPark,FindingNemo,ToyStory,Ratatouille,Aladdin,Brave,Encanto
Internet,Browser,Password,Username,Instagram,Facebook,Youtube,Twitter,LinkedIn,Telegram
Programming,Boolean,Compiler,Recursion,Parameter,Inheritance,Exception,Dictionary,Framework,Library,Operator
Computer Terms,Processor,Hardware,Software,Database,Firewall,Memory,Storage,Network,Server,Browser
Professions,Engineer,Scientist,Architect,Dentist,Lawyer,Journalist,Mechanic,Electrician,Pharmacist,Veterinarian
Vehicles,Helicopter,Submarine,Tram,Jet,Glider,Yacht,Bulldozer,Excavator,Ambulance,Firetruck
Musical Instruments,Saxophone,Clarinet,Trombone,Ukulele,Accordion,Xylophone,Harmonica,Cello,Bongo,Oboe
Colors,Violet,Magenta,Turquoise,Indigo,Maroon,Olive,Coral,Teal,Lavender,Crimson
Body Parts,Shoulder,Elbow,Knee,Ankle,Chest,Back,Finger,Toe,Wrist,Forehead
School Objects,Compass,Protractor,Highlighter,Marker,Calculator,Clipboard,Sharpener,Stapler,Glue,Scissors
Kitchen Items,Toaster,Blender,Microwave,Whisk,Grater,Ladle,Colander,Tongs,Spatula,Peeler
Drinks,Cappuccino,Espresso,Latte,Smoothie,Mojito,Milkshake,IcedTea,GreenTea,Buttermilk,Lassi
Food,Lasagna,Biryani,Dosa,Tacos,Sushi,Dumplings,Risotto,Fajitas,Burrito,Ramen
Festivals,Hanukkah,Ramadan,Lohri,Thanksgiving,Carnival,Oktoberfest,Vesak,GaneshChaturthi,DurgaPuja,MakarSankranti
Inventors,Whitney,Farnsworth,Zuse,Daguerre,Otis,Dunlop,Bessemer,Eastman,Howe,Volta
Scientists,Rutherford,Bohr,Feynman,Planck,Hubble,Pasteur,Mendel,Raman,Chandrasekhar,Maxwell
Superheroes,GreenLantern,BlackPanther,DoctorStrange,Deadpool,CaptainMarvel,Nightwing,Cyborg,Shazam,Daredevil,Hawkeye
Astronomy,Galaxy,Nebula,Asteroid,Comet,Meteor,Eclipse,Constellation,Orbit,Satellite,BlackHole
Chemistry,Nitrogen,Helium,Neon,Calcium,Magnesium,Sodium,Potassium,Chlorine,Phosphorus,Sulfur
Biology,Nucleus,Cytoplasm,Tissue,Organ,DigestiveSystem,Respiration,Photosynthesis,Chlorophyll,Mammal,Reptile
Mathematics,Equation,Algebra,Geometry,Decimal,Percentage,Variable,Graph,Function,Radius,Diameter
Books,Frankenstein,OliverTwist,TreasureIsland,MobyDick,PeterPan,GulliversTravels,RobinsonCrusoe,Inferno,DonQuixote,Coraline
Mythology,Poseidon,Persephone,Medusa,Hermes,Artemis,Ares,Freya,Tyr,Hel,Osiris
World Wonders,AngkorWat,BurjKhalifa,Acropolis,Stonehenge,SydneyOperaHouse,MountRushmore,GoldenGateBridge,ChristRedeemer,ForbiddenCity,Versailles
Furniture,Wardrobe,Bookshelf,Dresser,Recliner,Cabinet,Ottoman,Nightstand,RockingChair,BeanBag,BunkBed
Clothing,Jacket,Sweater,Hoodie,Blazer,Waistcoat,Cardigan,Skirt,Trousers,Overcoat,Tunic
Shapes,Hexagon,Pentagon,Octagon,Parallelogram,Trapezium,Rhombus,Cylinder,Prism,Pyramid,Sphere